0,0,#000000
1,0,#000000
2,0,#000000
3,0,#000000
4,0,#000000
5,0,#000000
6,0,#000000
7,0,#000000
8,0,#000000
9,0,#000000
10,0,#000000
11,0,#000000
12,0,#000000
13,0,#000000
14,0,#000000
15,0,#000000
16,0,#000000
17,0,#000000
18,0,#000000
19,0,#000000
20,0,#000000
21,0,#000000
22,0,#000000
23,0,#000000
24,0,#000000
25,0,#000000
26,0,#000000
27,0,#000000
28,0,#000000
29,0,#000000
30,0,#000000
31,0,#000000
32,0,#000000
33,0,#000000
34,0,#000000
35,0,#000000
36,0,#000000
37,0,#000000
38,0,#000000
39,0,#000000
40,0,#000000
41,0,#000000
42,0,#000000
43,0,#000000
44,0,#000000
45,0,#000000
46,0,#000000
47,0,#000000
48,0,#000000
49,0,#000000
50,0,#000000
51,0,#000000
52,0,#000000
53,0,#000000
54,0,#000000
55,0,#000000
56,0,#000000
57,0,#000000
58,0,#000000
59,0,#000000
60,0,#000000
61,0,#000000
62,0,#000000
63,0,#000000
64,0,#000000
65,0,#000000
66,0,#000000
67,0,#000000
68,0,#000000
69,0,#000000
70,0,#000000
71,0,#000000
72,0,#000000
73,0,#000000
74,0,#000000
75,0,#000000
76,0,#000000
77,0,#000000
78,0,#000000
79,0,#000000
80,0,#000000
81,0,#000000
82,0,#000000
83,0,#000000
84,0,#000000
85,0,#000000
86,0,#000000
87,0,#000000
88,0,#000000
89,0,#000000
90,0,#000000
91,0,#000000
92,0,#000000
93,0,#000000
94,0,#000000
95,0,#000000
96,0,#000000
97,0,#000000
98,0,#000000
99,0,#000000
100,0,#000000
101,0,#000000
102,0,#000000
103,0,#000000
104,0,#000000
105,0,#000000
106,0,#000000
107,0,#000000
108,0,#000000
109,0,#000000
110,0,#000000
111,0,#000000
112,0,#000000
113,0,#000000
114,0,#000000
115,0,#000000
116,0,#000000
117,0,#000000
118,0,#000000
119,0,#000000
120,0,#000000
121,0,#000000
122,0,#000000
123,0,#000000
124,0,#000000
125,0,#000000
126,0,#000000
127,0,#000000
0,1,#000000
1,1,#000000
2,1,#000000
3,1,#000000
4,1,#000000
5,1,#000000
6,1,#000000
7,1,#000000
8,1,#000000
9,1,#000000
10,1,#000000
11,1,#000000
12,1,#000000
13,1,#AB5236
14,1,#000000
15,1,#000000
16,1,#000000
17,1,#000000
18,1,#000000
19,1,#000000
20,1,#000000
21,1,#000000
22,1,#000000
23,1,#000000
24,1,#000000
25,1,#000000
26,1,#000000
27,1,#000000
28,1,#000000
29,1,#000000
30,1,#000000
31,1,#000000
32,1,#000000
33,1,#000000
34,1,#000000
35,1,#000000
36,1,#000000
37,1,#000000
38,1,#000000
39,1,#000000
40,1,#000000
41,1,#000000
42,1,#000000
43,1,#000000
44,1,#000000
45,1,#000000
46,1,#000000
47,1,#000000
48,1,#000000
49,1,#000000
50,1,#000000
51,1,#000000
52,1,#000000
53,1,#000000
54,1,#000000
55,1,#000000
56,1,#000000
57,1,#000000
58,1,#000000
59,1,#000000
60,1,#000000
61,1,#000000
62,1,#000000
63,1,#000000
64,1,#000000
65,1,#000000
66,1,#000000
67,1,#000000
68,1,#000000
69,1,#000000
70,1,#000000
71,1,#000000
72,1,#000000
73,1,#000000
74,1,#000000
75,1,#000000
76,1,#000000
77,1,#000000
78,1,#000000
79,1,#000000
80,1,#000000
81,1,#000000
82,1,#000000
83,1,#000000
84,1,#000000
85,1,#000000
86,1,#000000
87,1,#000000
88,1,#000000
89,1,#000000
90,1,#000000
91,1,#000000
92,1,#000000
93,1,#000000
94,1,#000000
95,1,#000000
96,1,#000000
97,1,#000000
98,1,#000000
99,1,#000000
100,1,#000000
101,1,#000000
102,1,#000000
103,1,#000000
104,1,#000000
105,1,#000000
106,1,#000000
107,1,#000000
108,1,#000000
109,1,#000000
110,1,#000000
111,1,#000000
112,1,#000000
113,1,#000000
114,1,#000000
115,1,#000000
116,1,#000000
117,1,#000000
118,1,#000000
119,1,#000000
120,1,#000000
121,1,#000000
122,1,#000000
123,1,#000000
124,1,#000000
125,1,#000000
126,1,#000000
127,1,#000000
0,2,#000000
1,2,#000000
2,2,#000000
3,2,#5F574F
4,2,#5F574F
5,2,#000000
6,2,#000000
7,2,#000000
8,2,#000000
9,2,#000000
10,2,#000000
11,2,#000000
12,2,#AB5236
13,2,#000000
14,2,#000000
15,2,#000000
16,2,#000000
17,2,#000000
18,2,#000000
19,2,#000000
20,2,#000000
21,2,#000000
22,2,#000000
23,2,#000000
24,2,#000000
25,2,#000000
26,2,#000000
27,2,#000000
28,2,#000000
29,2,#000000
30,2,#000000
31,2,#000000
32,2,#000000
33,2,#000000
34,2,#000000
35,2,#000000
36,2,#000000
37,2,#000000
38,2,#000000
39,2,#000000
40,2,#000000
41,2,#000000
42,2,#000000
43,2,#000000
44,2,#000000
45,2,#000000
46,2,#000000
47,2,#000000
48,2,#000000
49,2,#000000
50,2,#000000
51,2,#000000
52,2,#000000
53,2,#000000
54,2,#000000
55,2,#000000
56,2,#000000
57,2,#000000
58,2,#000000
59,2,#000000
60,2,#000000
61,2,#000000
62,2,#000000
63,2,#000000
64,2,#000000
65,2,#000000
66,2,#000000
67,2,#000000
68,2,#000000
69,2,#000000
70,2,#000000
71,2,#000000
72,2,#000000
73,2,#000000
74,2,#000000
75,2,#000000
76,2,#000000
77,2,#000000
78,2,#000000
79,2,#000000
80,2,#000000
81,2,#000000
82,2,#000000
83,2,#000000
84,2,#000000
85,2,#000000
86,2,#000000
87,2,#000000
88,2,#000000
89,2,#000000
90,2,#000000
91,2,#000000
92,2,#000000
93,2,#000000
94,2,#000000
95,2,#000000
96,2,#000000
97,2,#000000
98,2,#000000
99,2,#000000
100,2,#000000
101,2,#000000
102,2,#000000
103,2,#000000
104,2,#000000
105,2,#000000
106,2,#000000
107,2,#000000
108,2,#000000
109,2,#000000
110,2,#000000
111,2,#000000
112,2,#000000
113,2,#000000
114,2,#000000
115,2,#000000
116,2,#000000
117,2,#000000
118,2,#000000
119,2,#000000
120,2,#000000
121,2,#000000
122,2,#000000
123,2,#000000
124,2,#000000
125,2,#000000
126,2,#000000
127,2,#000000
0,3,#000000
1,3,#000000
2,3,#000000
3,3,#000000
4,3,#5F574F
5,3,#5F574F
6,3,#000000
7,3,#000000
8,3,#000000
9,3,#000000
10,3,#000000
11,3,#000000
12,3,#AB5236
13,3,#000000
14,3,#000000
15,3,#000000
16,3,#000000
17,3,#000000
18,3,#000000
19,3,#000000
20,3,#000000
21,3,#000000
22,3,#000000
23,3,#000000
24,3,#000000
25,3,#000000
26,3,#000000
27,3,#000000
28,3,#000000
29,3,#000000
30,3,#000000
31,3,#000000
32,3,#000000
33,3,#000000
34,3,#000000
35,3,#000000
36,3,#000000
37,3,#000000
38,3,#000000
39,3,#000000
40,3,#000000
41,3,#000000
42,3,#000000
43,3,#000000
44,3,#000000
45,3,#000000
46,3,#000000
47,3,#000000
48,3,#000000
49,3,#000000
50,3,#000000
51,3,#000000
52,3,#000000
53,3,#000000
54,3,#000000
55,3,#000000
56,3,#000000
57,3,#000000
58,3,#000000
59,3,#000000
60,3,#000000
61,3,#000000
62,3,#000000
63,3,#000000
64,3,#000000
65,3,#000000
66,3,#000000
67,3,#000000
68,3,#000000
69,3,#000000
70,3,#000000
71,3,#000000
72,3,#000000
73,3,#000000
74,3,#000000
75,3,#000000
76,3,#000000
77,3,#000000
78,3,#000000
79,3,#000000
80,3,#000000
81,3,#000000
82,3,#000000
83,3,#000000
84,3,#000000
85,3,#000000
86,3,#000000
87,3,#000000
88,3,#000000
89,3,#000000
90,3,#000000
91,3,#000000
92,3,#000000
93,3,#000000
94,3,#000000
95,3,#000000
96,3,#000000
97,3,#000000
98,3,#000000
99,3,#000000
100,3,#000000
101,3,#000000
102,3,#000000
103,3,#000000
104,3,#000000
105,3,#000000
106,3,#000000
107,3,#000000
108,3,#000000
109,3,#000000
110,3,#000000
111,3,#000000
112,3,#000000
113,3,#000000
114,3,#000000
115,3,#000000
116,3,#000000
117,3,#000000
118,3,#000000
119,3,#000000
120,3,#000000
121,3,#000000
122,3,#000000
123,3,#000000
124,3,#000000
125,3,#000000
126,3,#000000
127,3,#000000
0,4,#000000
1,4,#000000
2,4,#000000
3,4,#000000
4,4,#000000
5,4,#000000
6,4,#5F574F
7,4,#000000
8,4,#000000
9,4,#000000
10,4,#AB5236
11,4,#AB5236
12,4,#000000
13,4,#000000
14,4,#000000
15,4,#000000
16,4,#000000
17,4,#000000
18,4,#000000
19,4,#000000
20,4,#000000
21,4,#000000
22,4,#000000
23,4,#000000
24,4,#000000
25,4,#000000
26,4,#000000
27,4,#000000
28,4,#000000
29,4,#000000
30,4,#000000
31,4,#000000
32,4,#000000
33,4,#000000
34,4,#000000
35,4,#000000
36,4,#000000
37,4,#000000
38,4,#000000
39,4,#000000
40,4,#000000
41,4,#000000
42,4,#000000
43,4,#000000
44,4,#000000
45,4,#000000
46,4,#000000
47,4,#000000
48,4,#000000
49,4,#000000
50,4,#000000
51,4,#000000
52,4,#000000
53,4,#000000
54,4,#000000
55,4,#000000
56,4,#000000
57,4,#000000
58,4,#000000
59,4,#000000
60,4,#000000
61,4,#000000
62,4,#000000
63,4,#000000
64,4,#000000
65,4,#000000
66,4,#000000
67,4,#000000
68,4,#000000
69,4,#000000
70,4,#000000
71,4,#000000
72,4,#000000
73,4,#000000
74,4,#000000
75,4,#000000
76,4,#000000
77,4,#000000
78,4,#000000
79,4,#000000
80,4,#000000
81,4,#000000
82,4,#000000
83,4,#000000
84,4,#000000
85,4,#000000
86,4,#000000
87,4,#000000
88,4,#000000
89,4,#000000
90,4,#000000
91,4,#000000
92,4,#000000
93,4,#000000
94,4,#000000
95,4,#000000
96,4,#000000
97,4,#000000
98,4,#000000
99,4,#000000
100,4,#000000
101,4,#000000
102,4,#000000
103,4,#000000
104,4,#000000
105,4,#000000
106,4,#000000
107,4,#000000
108,4,#000000
109,4,#000000
110,4,#000000
111,4,#000000
112,4,#000000
113,4,#000000
114,4,#000000
115,4,#000000
116,4,#000000
117,4,#000000
118,4,#000000
119,4,#000000
120,4,#000000
121,4,#000000
122,4,#000000
123,4,#000000
124,4,#000000
125,4,#000000
126,4,#000000
127,4,#000000
0,5,#000000
1,5,#000000
2,5,#000000
3,5,#000000
4,5,#000000
5,5,#000000
6,5,#000000
7,5,#5F574F
8,5,#000000
9,5,#000000
10,5,#AB5236
11,5,#000000
12,5,#000000
13,5,#000000
14,5,#000000
15,5,#000000
16,5,#000000
17,5,#000000
18,5,#000000
19,5,#000000
20,5,#000000
21,5,#000000
22,5,#000000
23,5,#000000
24,5,#000000
25,5,#000000
26,5,#000000
27,5,#000000
28,5,#000000
29,5,#000000
30,5,#000000
31,5,#000000
32,5,#000000
33,5,#000000
34,5,#000000
35,5,#000000
36,5,#000000
37,5,#000000
38,5,#000000
39,5,#000000
40,5,#000000
41,5,#000000
42,5,#000000
43,5,#000000
44,5,#000000
45,5,#000000
46,5,#000000
47,5,#000000
48,5,#000000
49,5,#000000
50,5,#000000
51,5,#000000
52,5,#000000
53,5,#000000
54,5,#000000
55,5,#000000
56,5,#000000
57,5,#000000
58,5,#000000
59,5,#000000
60,5,#000000
61,5,#000000
62,5,#000000
63,5,#000000
64,5,#000000
65,5,#000000
66,5,#000000
67,5,#000000
68,5,#000000
69,5,#000000
70,5,#000000
71,5,#000000
72,5,#000000
73,5,#000000
74,5,#000000
75,5,#000000
76,5,#000000
77,5,#000000
78,5,#000000
79,5,#000000
80,5,#000000
81,5,#000000
82,5,#000000
83,5,#000000
84,5,#000000
85,5,#000000
86,5,#000000
87,5,#000000
88,5,#000000
89,5,#000000
90,5,#000000
91,5,#000000
92,5,#000000
93,5,#000000
94,5,#000000
95,5,#000000
96,5,#000000
97,5,#000000
98,5,#000000
99,5,#000000
100,5,#000000
101,5,#000000
102,5,#000000
103,5,#000000
104,5,#000000
105,5,#000000
106,5,#000000
107,5,#000000
108,5,#000000
109,5,#000000
110,5,#000000
111,5,#000000
112,5,#000000
113,5,#000000
114,5,#000000
115,5,#000000
116,5,#000000
117,5,#000000
118,5,#000000
119,5,#000000
120,5,#000000
121,5,#000000
122,5,#000000
123,5,#000000
124,5,#000000
125,5,#000000
126,5,#000000
127,5,#000000
0,6,#000000
1,6,#000000
2,6,#000000
3,6,#000000
4,6,#000000
5,6,#000000
6,6,#000000
7,6,#000000
8,6,#000000
9,6,#000000
10,6,#000000
11,6,#000000
12,6,#000000
13,6,#000000
14,6,#000000
15,6,#000000
16,6,#000000
17,6,#000000
18,6,#000000
19,6,#000000
20,6,#000000
21,6,#000000
22,6,#000000
23,6,#000000
24,6,#000000
25,6,#000000
26,6,#000000
27,6,#000000
28,6,#000000
29,6,#000000
30,6,#000000
31,6,#000000
32,6,#000000
33,6,#000000
34,6,#000000
35,6,#000000
36,6,#000000
37,6,#000000
38,6,#000000
39,6,#000000
40,6,#000000
41,6,#000000
42,6,#000000
43,6,#000000
44,6,#000000
45,6,#000000
46,6,#000000
47,6,#000000
48,6,#000000
49,6,#000000
50,6,#000000
51,6,#000000
52,6,#000000
53,6,#000000
54,6,#000000
55,6,#000000
56,6,#000000
57,6,#000000
58,6,#000000
59,6,#000000
60,6,#000000
61,6,#000000
62,6,#000000
63,6,#000000
64,6,#000000
65,6,#000000
66,6,#000000
67,6,#000000
68,6,#000000
69,6,#000000
70,6,#000000
71,6,#000000
72,6,#000000
73,6,#000000
74,6,#000000
75,6,#000000
76,6,#000000
77,6,#000000
78,6,#000000
79,6,#000000
80,6,#000000
81,6,#000000
82,6,#000000
83,6,#000000
84,6,#000000
85,6,#000000
86,6,#000000
87,6,#000000
88,6,#000000
89,6,#000000
90,6,#000000
91,6,#000000
92,6,#000000
93,6,#000000
94,6,#000000
95,6,#000000
96,6,#000000
97,6,#000000
98,6,#000000
99,6,#000000
100,6,#000000
101,6,#000000
102,6,#000000
103,6,#000000
104,6,#000000
105,6,#000000
106,6,#000000
107,6,#000000
108,6,#000000
109,6,#000000
110,6,#000000
111,6,#000000
112,6,#000000
113,6,#000000
114,6,#000000
115,6,#000000
116,6,#000000
117,6,#000000
118,6,#000000
119,6,#000000
120,6,#000000
121,6,#000000
122,6,#000000
123,6,#000000
124,6,#000000
125,6,#000000
126,6,#000000
127,6,#000000
0,7,#000000
1,7,#000000
2,7,#000000
3,7,#000000
4,7,#000000
5,7,#000000
6,7,#000000
7,7,#000000
8,7,#000000
9,7,#000000
10,7,#000000
11,7,#000000
12,7,#000000
13,7,#000000
14,7,#000000
15,7,#000000
16,7,#000000
17,7,#000000
18,7,#000000
19,7,#000000
20,7,#000000
21,7,#000000
22,7,#000000
23,7,#000000
24,7,#000000
25,7,#000000
26,7,#000000
27,7,#000000
28,7,#000000
29,7,#000000
30,7,#000000
31,7,#000000
32,7,#000000
33,7,#000000
34,7,#000000
35,7,#000000
36,7,#000000
37,7,#000000
38,7,#000000
39,7,#000000
40,7,#000000
41,7,#000000
42,7,#000000
43,7,#000000
44,7,#000000
45,7,#000000
46,7,#000000
47,7,#000000
48,7,#000000
49,7,#000000
50,7,#000000
51,7,#000000
52,7,#000000
53,7,#000000
54,7,#000000
55,7,#000000
56,7,#000000
57,7,#000000
58,7,#000000
59,7,#000000
60,7,#000000
61,7,#000000
62,7,#000000
63,7,#000000
64,7,#000000
65,7,#000000
66,7,#000000
67,7,#000000
68,7,#000000
69,7,#000000
70,7,#000000
71,7,#000000
72,7,#000000
73,7,#000000
74,7,#000000
75,7,#000000
76,7,#000000
77,7,#000000
78,7,#000000
79,7,#000000
80,7,#000000
81,7,#000000
82,7,#000000
83,7,#000000
84,7,#000000
85,7,#000000
86,7,#000000
87,7,#000000
88,7,#000000
89,7,#000000
90,7,#000000
91,7,#000000
92,7,#000000
93,7,#000000
94,7,#000000
95,7,#000000
96,7,#000000
97,7,#000000
98,7,#000000
99,7,#000000
100,7,#000000
101,7,#000000
102,7,#000000
103,7,#000000
104,7,#000000
105,7,#000000
106,7,#000000
107,7,#000000
108,7,#000000
109,7,#000000
110,7,#000000
111,7,#000000
112,7,#000000
113,7,#000000
114,7,#000000
115,7,#000000
116,7,#000000
117,7,#000000
118,7,#000000
119,7,#000000
120,7,#000000
121,7,#000000
122,7,#000000
123,7,#000000
124,7,#000000
125,7,#000000
126,7,#000000
127,7,#000000
0,8,#000000
1,8,#000000
2,8,#000000
3,8,#000000
4,8,#000000
5,8,#000000
6,8,#000000
7,8,#000000
8,8,#000000
9,8,#000000
10,8,#000000
11,8,#000000
12,8,#000000
13,8,#000000
14,8,#000000
15,8,#000000
16,8,#000000
17,8,#000000
18,8,#000000
19,8,#000000
20,8,#000000
21,8,#000000
22,8,#000000
23,8,#000000
24,8,#000000
25,8,#000000
26,8,#000000
27,8,#000000
28,8,#000000
29,8,#000000
30,8,#000000
31,8,#000000
32,8,#000000
33,8,#000000
34,8,#000000
35,8,#000000
36,8,#000000
37,8,#000000
38,8,#000000
39,8,#000000
40,8,#000000
41,8,#000000
42,8,#000000
43,8,#000000
44,8,#000000
45,8,#000000
46,8,#000000
47,8,#000000
48,8,#000000
49,8,#000000
50,8,#000000
51,8,#000000
52,8,#000000
53,8,#000000
54,8,#000000
55,8,#000000
56,8,#000000
57,8,#000000
58,8,#000000
59,8,#000000
60,8,#000000
61,8,#000000
62,8,#000000
63,8,#000000
64,8,#000000
65,8,#000000
66,8,#000000
67,8,#000000
68,8,#000000
69,8,#000000
70,8,#000000
71,8,#000000
72,8,#000000
73,8,#000000
74,8,#000000
75,8,#000000
76,8,#000000
77,8,#000000
78,8,#000000
79,8,#000000
80,8,#000000
81,8,#000000
82,8,#000000
83,8,#000000
84,8,#000000
85,8,#000000
86,8,#000000
87,8,#000000
88,8,#000000
89,8,#000000
90,8,#000000
91,8,#000000
92,8,#000000
93,8,#000000
94,8,#000000
95,8,#000000
96,8,#000000
97,8,#000000
98,8,#000000
99,8,#000000
100,8,#000000
101,8,#000000
102,8,#000000
103,8,#000000
104,8,#000000
105,8,#000000
106,8,#000000
107,8,#000000
108,8,#000000
109,8,#000000
110,8,#000000
111,8,#000000
112,8,#000000
113,8,#000000
114,8,#000000
115,8,#000000
116,8,#000000
117,8,#000000
118,8,#000000
119,8,#000000
120,8,#000000
121,8,#000000
122,8,#000000
123,8,#000000
124,8,#000000
125,8,#000000
126,8,#000000
127,8,#000000
0,9,#000000
1,9,#000000
2,9,#000000
3,9,#000000
4,9,#000000
5,9,#000000
6,9,#000000
7,9,#000000
8,9,#000000
9,9,#000000
10,9,#000000
11,9,#000000
12,9,#000000
13,9,#000000
14,9,#000000
15,9,#000000
16,9,#000000
17,9,#000000
18,9,#000000
19,9,#000000
20,9,#000000
21,9,#000000
22,9,#000000
23,9,#000000
24,9,#000000
25,9,#000000
26,9,#000000
27,9,#000000
28,9,#000000
29,9,#000000
30,9,#000000
31,9,#000000
32,9,#000000
33,9,#000000
34,9,#000000
35,9,#000000
36,9,#000000
37,9,#000000
38,9,#000000
39,9,#000000
40,9,#000000
41,9,#000000
42,9,#000000
43,9,#000000
44,9,#000000
45,9,#000000
46,9,#000000
47,9,#000000
48,9,#000000
49,9,#000000
50,9,#000000
51,9,#000000
52,9,#000000
53,9,#000000
54,9,#000000
55,9,#000000
56,9,#000000
57,9,#000000
58,9,#000000
59,9,#000000
60,9,#000000
61,9,#000000
62,9,#000000
63,9,#000000
64,9,#000000
65,9,#000000
66,9,#000000
67,9,#000000
68,9,#000000
69,9,#000000
70,9,#000000
71,9,#000000
72,9,#000000
73,9,#000000
74,9,#000000
75,9,#000000
76,9,#000000
77,9,#000000
78,9,#000000
79,9,#000000
80,9,#000000
81,9,#000000
82,9,#000000
83,9,#000000
84,9,#000000
85,9,#000000
86,9,#000000
87,9,#000000
88,9,#000000
89,9,#000000
90,9,#000000
91,9,#000000
92,9,#000000
93,9,#000000
94,9,#000000
95,9,#000000
96,9,#000000
97,9,#000000
98,9,#000000
99,9,#000000
100,9,#000000
101,9,#000000
102,9,#000000
103,9,#000000
104,9,#000000
105,9,#000000
106,9,#000000
107,9,#000000
108,9,#000000
109,9,#000000
110,9,#000000
111,9,#000000
112,9,#000000
113,9,#000000
114,9,#000000
115,9,#000000
116,9,#000000
117,9,#000000
118,9,#000000
119,9,#000000
120,9,#000000
121,9,#000000
122,9,#000000
123,9,#000000
124,9,#000000
125,9,#000000
126,9,#000000
127,9,#000000
0,10,#000000
1,10,#000000
2,10,#000000
3,10,#000000
4,10,#000000
5,10,#000000
6,10,#000000
7,10,#000000
8,10,#000000
9,10,#000000
10,10,#000000
11,10,#000000
12,10,#000000
13,10,#000000
14,10,#000000
15,10,#000000
16,10,#000000
17,10,#000000
18,10,#000000
19,10,#000000
20,10,#000000
21,10,#000000
22,10,#000000
23,10,#000000
24,10,#000000
25,10,#000000
26,10,#000000
27,10,#000000
28,10,#000000
29,10,#000000
30,10,#000000
31,10,#000000
32,10,#000000
33,10,#000000
34,10,#000000
35,10,#000000
36,10,#000000
37,10,#000000
38,10,#000000
39,10,#000000
40,10,#000000
41,10,#000000
42,10,#000000
43,10,#000000
44,10,#000000
45,10,#000000
46,10,#000000
47,10,#000000
48,10,#000000
49,10,#000000
50,10,#000000
51,10,#000000
52,10,#000000
53,10,#000000
54,10,#000000
55,10,#000000
56,10,#000000
57,10,#000000
58,10,#000000
59,10,#000000
60,10,#000000
61,10,#000000
62,10,#000000
63,10,#000000
64,10,#000000
65,10,#000000
66,10,#000000
67,10,#000000
68,10,#000000
69,10,#000000
70,10,#000000
71,10,#000000
72,10,#000000
73,10,#000000
74,10,#000000
75,10,#000000
76,10,#000000
77,10,#000000
78,10,#000000
79,10,#000000
80,10,#000000
81,10,#000000
82,10,#000000
83,10,#000000
84,10,#000000
85,10,#000000
86,10,#000000
87,10,#000000
88,10,#000000
89,10,#000000
90,10,#000000
91,10,#000000
92,10,#000000
93,10,#000000
94,10,#000000
95,10,#000000
96,10,#000000
97,10,#000000
98,10,#000000
99,10,#000000
100,10,#000000
101,10,#000000
102,10,#000000
103,10,#000000
104,10,#000000
105,10,#000000
106,10,#000000
107,10,#000000
108,10,#000000
109,10,#000000
110,10,#000000
111,10,#000000
112,10,#000000
113,10,#000000
114,10,#000000
115,10,#000000
116,10,#000000
117,10,#000000
118,10,#000000
119,10,#000000
120,10,#000000
121,10,#000000
122,10,#000000
123,10,#000000
124,10,#000000
125,10,#000000
126,10,#000000
127,10,#000000
0,11,#000000
1,11,#000000
2,11,#000000
3,11,#000000
4,11,#000000
5,11,#000000
6,11,#000000
7,11,#000000
8,11,#000000
9,11,#000000
10,11,#000000
11,11,#000000
12,11,#000000
13,11,#000000
14,11,#000000
15,11,#000000
16,11,#000000
17,11,#000000
18,11,#000000
19,11,#000000
20,11,#000000
21,11,#000000
22,11,#000000
23,11,#000000
24,11,#000000
25,11,#000000
26,11,#000000
27,11,#000000
28,11,#000000
29,11,#000000
30,11,#000000
31,11,#000000
32,11,#000000
33,11,#000000
34,11,#000000
35,11,#000000
36,11,#000000
37,11,#000000
38,11,#000000
39,11,#000000
40,11,#000000
41,11,#000000
42,11,#000000
43,11,#000000
44,11,#000000
45,11,#000000
46,11,#000000
47,11,#000000
48,11,#000000
49,11,#000000
50,11,#000000
51,11,#000000
52,11,#000000
53,11,#000000
54,11,#000000
55,11,#000000
56,11,#000000
57,11,#000000
58,11,#000000
59,11,#000000
60,11,#000000
61,11,#000000
62,11,#000000
63,11,#000000
64,11,#000000
65,11,#000000
66,11,#000000
67,11,#000000
68,11,#000000
69,11,#000000
70,11,#000000
71,11,#000000
72,11,#000000
73,11,#000000
74,11,#000000
75,11,#000000
76,11,#000000
77,11,#000000
78,11,#000000
79,11,#000000
80,11,#000000
81,11,#000000
82,11,#000000
83,11,#000000
84,11,#000000
85,11,#000000
86,11,#000000
87,11,#000000
88,11,#000000
89,11,#000000
90,11,#000000
91,11,#000000
92,11,#000000
93,11,#000000
94,11,#000000
95,11,#000000
96,11,#000000
97,11,#000000
98,11,#000000
99,11,#000000
100,11,#000000
101,11,#000000
102,11,#000000
103,11,#000000
104,11,#000000
105,11,#000000
106,11,#000000
107,11,#000000
108,11,#000000
109,11,#000000
110,11,#000000
111,11,#000000
112,11,#000000
113,11,#000000
114,11,#000000
115,11,#000000
116,11,#000000
117,11,#000000
118,11,#000000
119,11,#000000
120,11,#000000
121,11,#000000
122,11,#000000
123,11,#000000
124,11,#000000
125,11,#000000
126,11,#000000
127,11,#000000
0,12,#000000
1,12,#000000
2,12,#000000
3,12,#000000
4,12,#000000
5,12,#000000
6,12,#000000
7,12,#000000
8,12,#000000
9,12,#000000
10,12,#000000
11,12,#000000
12,12,#000000
13,12,#000000
14,12,#000000
15,12,#000000
16,12,#000000
17,12,#000000
18,12,#000000
19,12,#000000
20,12,#000000
21,12,#000000
22,12,#000000
23,12,#000000
24,12,#000000
25,12,#000000
26,12,#000000
27,12,#000000
28,12,#000000
29,12,#000000
30,12,#000000
31,12,#000000
32,12,#000000
33,12,#000000
34,12,#000000
35,12,#000000
36,12,#000000
37,12,#000000
38,12,#000000
39,12,#000000
40,12,#000000
41,12,#000000
42,12,#000000
43,12,#000000
44,12,#000000
45,12,#000000
46,12,#000000
47,12,#000000
48,12,#000000
49,12,#000000
50,12,#000000
51,12,#000000
52,12,#000000
53,12,#000000
54,12,#000000
55,12,#000000
56,12,#000000
57,12,#000000
58,12,#000000
59,12,#000000
60,12,#000000
61,12,#000000
62,12,#000000
63,12,#000000
64,12,#000000
65,12,#000000
66,12,#000000
67,12,#000000
68,12,#000000
69,12,#000000
70,12,#000000
71,12,#000000
72,12,#000000
73,12,#000000
74,12,#000000
75,12,#000000
76,12,#000000
77,12,#000000
78,12,#000000
79,12,#000000
80,12,#000000
81,12,#000000
82,12,#000000
83,12,#000000
84,12,#000000
85,12,#000000
86,12,#000000
87,12,#000000
88,12,#000000
89,12,#000000
90,12,#000000
91,12,#000000
92,12,#000000
93,12,#000000
94,12,#000000
95,12,#000000
96,12,#000000
97,12,#000000
98,12,#000000
99,12,#000000
100,12,#000000
101,12,#000000
102,12,#000000
103,12,#000000
104,12,#000000
105,12,#000000
106,12,#000000
107,12,#000000
108,12,#000000
109,12,#000000
110,12,#000000
111,12,#000000
112,12,#000000
113,12,#000000
114,12,#000000
115,12,#000000
116,12,#000000
117,12,#000000
118,12,#000000
119,12,#000000
120,12,#000000
121,12,#000000
122,12,#000000
123,12,#000000
124,12,#000000
125,12,#000000
126,12,#000000
127,12,#000000
0,13,#000000
1,13,#000000
2,13,#000000
3,13,#000000
4,13,#000000
5,13,#000000
6,13,#000000
7,13,#000000
8,13,#000000
9,13,#000000
10,13,#000000
11,13,#000000
12,13,#000000
13,13,#000000
14,13,#000000
15,13,#000000
16,13,#000000
17,13,#000000
18,13,#000000
19,13,#000000
20,13,#000000
21,13,#000000
22,13,#000000
23,13,#000000
24,13,#000000
25,13,#000000
26,13,#000000
27,13,#000000
28,13,#000000
29,13,#000000
30,13,#000000
31,13,#000000
32,13,#000000
33,13,#000000
34,13,#000000
35,13,#000000
36,13,#000000
37,13,#000000
38,13,#000000
39,13,#000000
40,13,#000000
41,13,#000000
42,13,#000000
43,13,#000000
44,13,#000000
45,13,#000000
46,13,#000000
47,13,#000000
48,13,#000000
49,13,#000000
50,13,#000000
51,13,#000000
52,13,#000000
53,13,#000000
54,13,#000000
55,13,#000000
56,13,#000000
57,13,#000000
58,13,#000000
59,13,#000000
60,13,#000000
61,13,#000000
62,13,#000000
63,13,#000000
64,13,#000000
65,13,#000000
66,13,#000000
67,13,#000000
68,13,#000000
69,13,#000000
70,13,#000000
71,13,#000000
72,13,#000000
73,13,#000000
74,13,#000000
75,13,#000000
76,13,#000000
77,13,#000000
78,13,#000000
79,13,#000000
80,13,#000000
81,13,#000000
82,13,#000000
83,13,#000000
84,13,#000000
85,13,#000000
86,13,#000000
87,13,#000000
88,13,#000000
89,13,#000000
90,13,#000000
91,13,#000000
92,13,#000000
93,13,#000000
94,13,#000000
95,13,#000000
96,13,#000000
97,13,#000000
98,13,#000000
99,13,#000000
100,13,#000000
101,13,#000000
102,13,#000000
103,13,#000000
104,13,#000000
105,13,#000000
106,13,#000000
107,13,#000000
108,13,#000000
109,13,#000000
110,13,#000000
111,13,#000000
112,13,#000000
113,13,#000000
114,13,#000000
115,13,#000000
116,13,#000000
117,13,#000000
118,13,#000000
119,13,#000000
120,13,#000000
121,13,#000000
122,13,#000000
123,13,#000000
124,13,#000000
125,13,#000000
126,13,#000000
127,13,#000000
0,14,#000000
1,14,#000000
2,14,#000000
3,14,#000000
4,14,#000000
5,14,#000000
6,14,#000000
7,14,#000000
8,14,#000000
9,14,#000000
10,14,#000000
11,14,#000000
12,14,#000000
13,14,#000000
14,14,#000000
15,14,#000000
16,14,#000000
17,14,#000000
18,14,#000000
19,14,#000000
20,14,#000000
21,14,#000000
22,14,#000000
23,14,#000000
24,14,#000000
25,14,#000000
26,14,#000000
27,14,#000000
28,14,#000000
29,14,#000000
30,14,#000000
31,14,#000000
32,14,#000000
33,14,#000000
34,14,#000000
35,14,#000000
36,14,#000000
37,14,#000000
38,14,#000000
39,14,#000000
40,14,#000000
41,14,#000000
42,14,#000000
43,14,#000000
44,14,#000000
45,14,#000000
46,14,#000000
47,14,#000000
48,14,#000000
49,14,#000000
50,14,#000000
51,14,#000000
52,14,#000000
53,14,#000000
54,14,#000000
55,14,#000000
56,14,#000000
57,14,#000000
58,14,#000000
59,14,#000000
60,14,#000000
61,14,#000000
62,14,#000000
63,14,#000000
64,14,#000000
65,14,#000000
66,14,#000000
67,14,#000000
68,14,#000000
69,14,#000000
70,14,#000000
71,14,#000000
72,14,#000000
73,14,#000000
74,14,#000000
75,14,#000000
76,14,#000000
77,14,#000000
78,14,#000000
79,14,#000000
80,14,#000000
81,14,#000000
82,14,#000000
83,14,#000000
84,14,#000000
85,14,#000000
86,14,#000000
87,14,#000000
88,14,#000000
89,14,#000000
90,14,#000000
91,14,#000000
92,14,#000000
93,14,#000000
94,14,#000000
95,14,#000000
96,14,#000000
97,14,#000000
98,14,#000000
99,14,#000000
100,14,#000000
101,14,#000000
102,14,#000000
103,14,#000000
104,14,#000000
105,14,#000000
106,14,#000000
107,14,#000000
108,14,#000000
109,14,#000000
110,14,#000000
111,14,#000000
112,14,#000000
113,14,#000000
114,14,#000000
115,14,#000000
116,14,#000000
117,14,#000000
118,14,#000000
119,14,#000000
120,14,#000000
121,14,#000000
122,14,#000000
123,14,#000000
124,14,#000000
125,14,#000000
126,14,#000000
127,14,#000000
0,15,#000000
1,15,#000000
2,15,#000000
3,15,#000000
4,15,#000000
5,15,#000000
6,15,#000000
7,15,#000000
8,15,#000000
9,15,#000000
10,15,#000000
11,15,#000000
12,15,#000000
13,15,#000000
14,15,#000000
15,15,#000000
16,15,#000000
17,15,#000000
18,15,#000000
19,15,#000000
20,15,#000000
21,15,#000000
22,15,#000000
23,15,#000000
24,15,#000000
25,15,#000000
26,15,#000000
27,15,#000000
28,15,#000000
29,15,#000000
30,15,#000000
31,15,#000000
32,15,#000000
33,15,#000000
34,15,#000000
35,15,#000000
36,15,#000000
37,15,#000000
38,15,#000000
39,15,#000000
40,15,#000000
41,15,#000000
42,15,#000000
43,15,#000000
44,15,#000000
45,15,#000000
46,15,#000000
47,15,#000000
48,15,#000000
49,15,#000000
50,15,#000000
51,15,#000000
52,15,#000000
53,15,#000000
54,15,#000000
55,15,#000000
56,15,#000000
57,15,#000000
58,15,#000000
59,15,#000000
60,15,#000000
61,15,#000000
62,15,#000000
63,15,#000000
64,15,#000000
65,15,#000000
66,15,#000000
67,15,#000000
68,15,#000000
69,15,#000000
70,15,#000000
71,15,#000000
72,15,#000000
73,15,#000000
74,15,#000000
75,15,#000000
76,15,#000000
77,15,#000000
78,15,#000000
79,15,#000000
80,15,#000000
81,15,#000000
82,15,#000000
83,15,#000000
84,15,#000000
85,15,#000000
86,15,#000000
87,15,#000000
88,15,#000000
89,15,#000000
90,15,#000000
91,15,#000000
92,15,#000000
93,15,#000000
94,15,#000000
95,15,#000000
96,15,#000000
97,15,#000000
98,15,#000000
99,15,#000000
100,15,#000000
101,15,#000000
102,15,#000000
103,15,#000000
104,15,#000000
105,15,#000000
106,15,#000000
107,15,#000000
108,15,#000000
109,15,#000000
110,15,#000000
111,15,#000000
112,15,#000000
113,15,#000000
114,15,#000000
115,15,#000000
116,15,#000000
117,15,#000000
118,15,#000000
119,15,#000000
120,15,#000000
121,15,#000000
122,15,#000000
123,15,#000000
124,15,#000000
125,15,#000000
126,15,#000000
127,15,#000000
0,16,#000000
1,16,#000000
2,16,#000000
3,16,#000000
4,16,#000000
5,16,#000000
6,16,#000000
7,16,#000000
8,16,#000000
9,16,#000000
10,16,#000000
11,16,#000000
12,16,#000000
13,16,#000000
14,16,#000000
15,16,#000000
16,16,#000000
17,16,#000000
18,16,#000000
19,16,#000000
20,16,#000000
21,16,#000000
22,16,#000000
23,16,#000000
24,16,#000000
25,16,#000000
26,16,#000000
27,16,#000000
28,16,#000000
29,16,#000000
30,16,#000000
31,16,#000000
32,16,#000000
33,16,#000000
34,16,#000000
35,16,#000000
36,16,#000000
37,16,#000000
38,16,#000000
39,16,#000000
40,16,#000000
41,16,#000000
42,16,#000000
43,16,#000000
44,16,#000000
45,16,#000000
46,16,#000000
47,16,#000000
48,16,#000000
49,16,#000000
50,16,#000000
51,16,#000000
52,16,#000000
53,16,#000000
54,16,#000000
55,16,#000000
56,16,#000000
57,16,#000000
58,16,#000000
59,16,#000000
60,16,#000000
61,16,#000000
62,16,#000000
63,16,#000000
64,16,#000000
65,16,#000000
66,16,#000000
67,16,#000000
68,16,#000000
69,16,#000000
70,16,#000000
71,16,#000000
72,16,#000000
73,16,#000000
74,16,#000000
75,16,#000000
76,16,#000000
77,16,#000000
78,16,#000000
79,16,#000000
80,16,#000000
81,16,#000000
82,16,#000000
83,16,#000000
84,16,#000000
85,16,#000000
86,16,#000000
87,16,#000000
88,16,#000000
89,16,#000000
90,16,#000000
91,16,#000000
92,16,#000000
93,16,#000000
94,16,#000000
95,16,#000000
96,16,#000000
97,16,#000000
98,16,#000000
99,16,#000000
100,16,#000000
101,16,#000000
102,16,#000000
103,16,#000000
104,16,#000000
105,16,#000000
106,16,#000000
107,16,#000000
108,16,#000000
109,16,#000000
110,16,#000000
111,16,#000000
112,16,#000000
113,16,#000000
114,16,#000000
115,16,#000000
116,16,#000000
117,16,#000000
118,16,#000000
119,16,#000000
120,16,#000000
121,16,#000000
122,16,#000000
123,16,#000000
124,16,#000000
125,16,#000000
126,16,#000000
127,16,#000000
0,17,#000000
1,17,#000000
2,17,#000000
3,17,#000000
4,17,#000000
5,17,#000000
6,17,#000000
7,17,#000000
8,17,#000000
9,17,#000000
10,17,#000000
11,17,#000000
12,17,#000000
13,17,#000000
14,17,#000000
15,17,#000000
16,17,#000000
17,17,#000000
18,17,#000000
19,17,#000000
20,17,#000000
21,17,#000000
22,17,#000000
23,17,#000000
24,17,#000000
25,17,#000000
26,17,#000000
27,17,#000000
28,17,#000000
29,17,#000000
30,17,#000000
31,17,#000000
32,17,#000000
33,17,#000000
34,17,#000000
35,17,#000000
36,17,#000000
37,17,#000000
38,17,#000000
39,17,#000000
40,17,#000000
41,17,#000000
42,17,#000000
43,17,#000000
44,17,#000000
45,17,#000000
46,17,#000000
47,17,#000000
48,17,#000000
49,17,#000000
50,17,#000000
51,17,#000000
52,17,#000000
53,17,#000000
54,17,#000000
55,17,#000000
56,17,#000000
57,17,#000000
58,17,#000000
59,17,#000000
60,17,#000000
61,17,#000000
62,17,#000000
63,17,#000000
64,17,#000000
65,17,#000000
66,17,#000000
67,17,#000000
68,17,#000000
69,17,#000000
70,17,#000000
71,17,#000000
72,17,#000000
73,17,#000000
74,17,#000000
75,17,#000000
76,17,#000000
77,17,#000000
78,17,#000000
79,17,#000000
80,17,#000000
81,17,#000000
82,17,#000000
83,17,#000000
84,17,#000000
85,17,#000000
86,17,#000000
87,17,#000000
88,17,#000000
89,17,#000000
90,17,#000000
91,17,#000000
92,17,#000000
93,17,#000000
94,17,#000000
95,17,#000000
96,17,#000000
97,17,#000000
98,17,#000000
99,17,#000000
100,17,#000000
101,17,#000000
102,17,#000000
103,17,#000000
104,17,#000000
105,17,#000000
106,17,#000000
107,17,#000000
108,17,#000000
109,17,#000000
110,17,#000000
111,17,#000000
112,17,#000000
113,17,#000000
114,17,#000000
115,17,#000000
116,17,#000000
117,17,#000000
118,17,#000000
119,17,#000000
120,17,#000000
121,17,#000000
122,17,#000000
123,17,#000000
124,17,#000000
125,17,#000000
126,17,#000000
127,17,#000000
0,18,#000000
1,18,#000000
2,18,#000000
3,18,#000000
4,18,#000000
5,18,#000000
6,18,#000000
7,18,#000000
8,18,#000000
9,18,#000000
10,18,#000000
11,18,#000000
12,18,#000000
13,18,#000000
14,18,#000000
15,18,#000000
16,18,#000000
17,18,#000000
18,18,#000000
19,18,#000000
20,18,#000000
21,18,#000000
22,18,#000000
23,18,#000000
24,18,#000000
25,18,#000000
26,18,#000000
27,18,#000000
28,18,#000000
29,18,#000000
30,18,#000000
31,18,#000000
32,18,#000000
33,18,#000000
34,18,#000000
35,18,#000000
36,18,#000000
37,18,#000000
38,18,#000000
39,18,#000000
40,18,#000000
41,18,#000000
42,18,#000000
43,18,#000000
44,18,#000000
45,18,#000000
46,18,#000000
47,18,#000000
48,18,#000000
49,18,#000000
50,18,#000000
51,18,#000000
52,18,#000000
53,18,#000000
54,18,#000000
55,18,#000000
56,18,#000000
57,18,#000000
58,18,#000000
59,18,#000000
60,18,#000000
61,18,#000000
62,18,#000000
63,18,#000000
64,18,#000000
65,18,#000000
66,18,#000000
67,18,#000000
68,18,#000000
69,18,#000000
70,18,#000000
71,18,#000000
72,18,#000000
73,18,#000000
74,18,#000000
75,18,#000000
76,18,#000000
77,18,#000000
78,18,#000000
79,18,#000000
80,18,#000000
81,18,#000000
82,18,#000000
83,18,#000000
84,18,#000000
85,18,#000000
86,18,#000000
87,18,#000000
88,18,#000000
89,18,#000000
90,18,#000000
91,18,#000000
92,18,#000000
93,18,#000000
94,18,#000000
95,18,#000000
96,18,#000000
97,18,#000000
98,18,#000000
99,18,#000000
100,18,#000000
101,18,#000000
102,18,#000000
103,18,#000000
104,18,#000000
105,18,#000000
106,18,#000000
107,18,#000000
108,18,#000000
109,18,#000000
110,18,#000000
111,18,#000000
112,18,#000000
113,18,#000000
114,18,#000000
115,18,#000000
116,18,#000000
117,18,#000000
118,18,#000000
119,18,#000000
120,18,#000000
121,18,#000000
122,18,#000000
123,18,#000000
124,18,#000000
125,18,#000000
126,18,#000000
127,18,#000000
0,19,#000000
1,19,#000000
2,19,#000000
3,19,#000000
4,19,#000000
5,19,#000000
6,19,#000000
7,19,#000000
8,19,#000000
9,19,#000000
10,19,#000000
11,19,#000000
12,19,#000000
13,19,#000000
14,19,#000000
15,19,#000000
16,19,#000000
17,19,#000000
18,19,#000000
19,19,#000000
20,19,#000000
21,19,#000000
22,19,#000000
23,19,#000000
24,19,#000000
25,19,#000000
26,19,#000000
27,19,#000000
28,19,#000000
29,19,#000000
30,19,#000000
31,19,#000000
32,19,#000000
33,19,#000000
34,19,#000000
35,19,#000000
36,19,#000000
37,19,#000000
38,19,#000000
39,19,#000000
40,19,#000000
41,19,#000000
42,19,#000000
43,19,#000000
44,19,#000000
45,19,#000000
46,19,#000000
47,19,#000000
48,19,#000000
49,19,#000000
50,19,#000000
51,19,#000000
52,19,#000000
53,19,#000000
54,19,#000000
55,19,#000000
56,19,#000000
57,19,#000000
58,19,#000000
59,19,#000000
60,19,#000000
61,19,#000000
62,19,#000000
63,19,#000000
64,19,#000000
65,19,#000000
66,19,#000000
67,19,#000000
68,19,#000000
69,19,#000000
70,19,#000000
71,19,#000000
72,19,#000000
73,19,#000000
74,19,#000000
75,19,#000000
76,19,#000000
77,19,#000000
78,19,#000000
79,19,#000000
80,19,#000000
81,19,#000000
82,19,#000000
83,19,#000000
84,19,#000000
85,19,#000000
86,19,#000000
87,19,#000000
88,19,#000000
89,19,#000000
90,19,#000000
91,19,#000000
92,19,#000000
93,19,#000000
94,19,#000000
95,19,#000000
96,19,#000000
97,19,#000000
98,19,#000000
99,19,#000000
100,19,#000000
101,19,#000000
102,19,#000000
103,19,#000000
104,19,#000000
105,19,#000000
106,19,#000000
107,19,#000000
108,19,#000000
109,19,#000000
110,19,#000000
111,19,#000000
112,19,#000000
113,19,#000000
114,19,#000000
115,19,#000000
116,19,#000000
117,19,#000000
118,19,#000000
119,19,#000000
120,19,#000000
121,19,#000000
122,19,#000000
123,19,#000000
124,19,#000000
125,19,#000000
126,19,#000000
127,19,#000000
0,20,#000000
1,20,#000000
2,20,#000000
3,20,#000000
4,20,#000000
5,20,#000000
6,20,#000000
7,20,#000000
8,20,#000000
9,20,#000000
10,20,#000000
11,20,#000000
12,20,#000000
13,20,#000000
14,20,#000000
15,20,#000000
16,20,#000000
17,20,#000000
18,20,#000000
19,20,#000000
20,20,#000000
21,20,#000000
22,20,#000000
23,20,#000000
24,20,#000000
25,20,#000000
26,20,#000000
27,20,#000000
28,20,#000000
29,20,#000000
30,20,#000000
31,20,#000000
32,20,#000000
33,20,#000000
34,20,#000000
35,20,#000000
36,20,#000000
37,20,#000000
38,20,#000000
39,20,#000000
40,20,#000000
41,20,#000000
42,20,#000000
43,20,#000000
44,20,#000000
45,20,#000000
46,20,#000000
47,20,#000000
48,20,#000000
49,20,#000000
50,20,#000000
51,20,#000000
52,20,#000000
53,20,#000000
54,20,#000000
55,20,#000000
56,20,#000000
57,20,#000000
58,20,#000000
59,20,#000000
60,20,#000000
61,20,#000000
62,20,#000000
63,20,#000000
64,20,#000000
65,20,#000000
66,20,#000000
67,20,#000000
68,20,#000000
69,20,#000000
70,20,#000000
71,20,#000000
72,20,#000000
73,20,#000000
74,20,#000000
75,20,#000000
76,20,#000000
77,20,#000000
78,20,#000000
79,20,#000000
80,20,#000000
81,20,#000000
82,20,#000000
83,20,#000000
84,20,#000000
85,20,#000000
86,20,#000000
87,20,#000000
88,20,#000000
89,20,#000000
90,20,#000000
91,20,#000000
92,20,#000000
93,20,#000000
94,20,#000000
95,20,#000000
96,20,#000000
97,20,#000000
98,20,#000000
99,20,#000000
100,20,#000000
101,20,#000000
102,20,#000000
103,20,#000000
104,20,#000000
105,20,#000000
106,20,#000000
107,20,#000000
108,20,#000000
109,20,#000000
110,20,#000000
111,20,#000000
112,20,#000000
113,20,#000000
114,20,#000000
115,20,#000000
116,20,#000000
117,20,#000000
118,20,#000000
119,20,#000000
120,20,#000000
121,20,#000000
122,20,#000000
123,20,#000000
124,20,#000000
125,20,#000000
126,20,#000000
127,20,#000000
0,21,#000000
1,21,#000000
2,21,#000000
3,21,#000000
4,21,#000000
5,21,#000000
6,21,#000000
7,21,#000000
8,21,#000000
9,21,#000000
10,21,#000000
11,21,#000000
12,21,#000000
13,21,#000000
14,21,#000000
15,21,#000000
16,21,#000000
17,21,#000000
18,21,#000000
19,21,#000000
20,21,#000000
21,21,#000000
22,21,#000000
23,21,#000000
24,21,#000000
25,21,#000000
26,21,#000000
27,21,#000000
28,21,#000000
29,21,#000000
30,21,#000000
31,21,#000000
32,21,#000000
33,21,#000000
34,21,#000000
35,21,#000000
36,21,#000000
37,21,#000000
38,21,#000000
39,21,#000000
40,21,#000000
41,21,#000000
42,21,#000000
43,21,#000000
44,21,#000000
45,21,#000000
46,21,#000000
47,21,#000000
48,21,#000000
49,21,#000000
50,21,#000000
51,21,#000000
52,21,#000000
53,21,#000000
54,21,#000000
55,21,#000000
56,21,#000000
57,21,#000000
58,21,#000000
59,21,#000000
60,21,#000000
61,21,#000000
62,21,#000000
63,21,#000000
64,21,#000000
65,21,#000000
66,21,#000000
67,21,#000000
68,21,#000000
69,21,#000000
70,21,#000000
71,21,#000000
72,21,#000000
73,21,#000000
74,21,#000000
75,21,#000000
76,21,#000000
77,21,#000000
78,21,#000000
79,21,#000000
80,21,#000000
81,21,#000000
82,21,#000000
83,21,#000000
84,21,#000000
85,21,#000000
86,21,#000000
87,21,#000000
88,21,#000000
89,21,#000000
90,21,#000000
91,21,#000000
92,21,#000000
93,21,#000000
94,21,#000000
95,21,#000000
96,21,#000000
97,21,#000000
98,21,#000000
99,21,#000000
100,21,#000000
101,21,#000000
102,21,#000000
103,21,#000000
104,21,#000000
105,21,#000000
106,21,#000000
107,21,#000000
108,21,#000000
109,21,#000000
110,21,#000000
111,21,#000000
112,21,#000000
113,21,#000000
114,21,#000000
115,21,#000000
116,21,#000000
117,21,#000000
118,21,#000000
119,21,#000000
120,21,#000000
121,21,#000000
122,21,#000000
123,21,#000000
124,21,#000000
125,21,#000000
126,21,#000000
127,21,#000000
0,22,#000000
1,22,#000000
2,22,#000000
3,22,#000000
4,22,#000000
5,22,#000000
6,22,#000000
7,22,#000000
8,22,#000000
9,22,#000000
10,22,#000000
11,22,#000000
12,22,#000000
13,22,#000000
14,22,#000000
15,22,#000000
16,22,#000000
17,22,#000000
18,22,#000000
19,22,#000000
20,22,#000000
21,22,#000000
22,22,#000000
23,22,#000000
24,22,#000000
25,22,#000000
26,22,#000000
27,22,#000000
28,22,#000000
29,22,#000000
30,22,#000000
31,22,#000000
32,22,#000000
33,22,#000000
34,22,#000000
35,22,#000000
36,22,#000000
37,22,#000000
38,22,#000000
39,22,#000000
40,22,#000000
41,22,#000000
42,22,#000000
43,22,#000000
44,22,#000000
45,22,#000000
46,22,#000000
47,22,#000000
48,22,#000000
49,22,#000000
50,22,#000000
51,22,#000000
52,22,#000000
53,22,#000000
54,22,#000000
55,22,#000000
56,22,#000000
57,22,#000000
58,22,#000000
59,22,#000000
60,22,#000000
61,22,#000000
62,22,#000000
63,22,#000000
64,22,#000000
65,22,#000000
66,22,#000000
67,22,#000000
68,22,#000000
69,22,#000000
70,22,#000000
71,22,#000000
72,22,#000000
73,22,#000000
74,22,#000000
75,22,#000000
76,22,#000000
77,22,#000000
78,22,#000000
79,22,#000000
80,22,#000000
81,22,#000000
82,22,#000000
83,22,#000000
84,22,#000000
85,22,#000000
86,22,#000000
87,22,#000000
88,22,#000000
89,22,#000000
90,22,#000000
91,22,#000000
92,22,#000000
93,22,#000000
94,22,#000000
95,22,#000000
96,22,#000000
97,22,#000000
98,22,#000000
99,22,#000000
100,22,#000000
101,22,#000000
102,22,#000000
103,22,#000000
104,22,#000000
105,22,#000000
106,22,#000000
107,22,#000000
108,22,#000000
109,22,#000000
110,22,#000000
111,22,#000000
112,22,#000000
113,22,#000000
114,22,#000000
115,22,#000000
116,22,#000000
117,22,#000000
118,22,#000000
119,22,#000000
120,22,#000000
121,22,#000000
122,22,#000000
123,22,#000000
124,22,#000000
125,22,#000000
126,22,#000000
127,22,#000000
0,23,#000000
1,23,#000000
2,23,#000000
3,23,#000000
4,23,#000000
5,23,#000000
6,23,#000000
7,23,#000000
8,23,#000000
9,23,#000000
10,23,#000000
11,23,#000000
12,23,#000000
13,23,#000000
14,23,#000000
15,23,#000000
16,23,#000000
17,23,#000000
18,23,#000000
19,23,#000000
20,23,#000000
21,23,#000000
22,23,#000000
23,23,#000000
24,23,#000000
25,23,#000000
26,23,#000000
27,23,#000000
28,23,#000000
29,23,#000000
30,23,#000000
31,23,#000000
32,23,#000000
33,23,#000000
34,23,#000000
35,23,#000000
36,23,#000000
37,23,#000000
38,23,#000000
39,23,#000000
40,23,#000000
41,23,#000000
42,23,#000000
43,23,#000000
44,23,#000000
45,23,#000000
46,23,#000000
47,23,#000000
48,23,#000000
49,23,#000000
50,23,#000000
51,23,#000000
52,23,#000000
53,23,#000000
54,23,#000000
55,23,#000000
56,23,#000000
57,23,#000000
58,23,#000000
59,23,#000000
60,23,#000000
61,23,#000000
62,23,#000000
63,23,#000000
64,23,#000000
65,23,#000000
66,23,#000000
67,23,#000000
68,23,#000000
69,23,#000000
70,23,#000000
71,23,#000000
72,23,#000000
73,23,#000000
74,23,#000000
75,23,#000000
76,23,#000000
77,23,#000000
78,23,#000000
79,23,#000000
80,23,#000000
81,23,#000000
82,23,#000000
83,23,#000000
84,23,#000000
85,23,#000000
86,23,#000000
87,23,#000000
88,23,#000000
89,23,#000000
90,23,#000000
91,23,#000000
92,23,#000000
93,23,#000000
94,23,#000000
95,23,#000000
96,23,#000000
97,23,#000000
98,23,#000000
99,23,#000000
100,23,#000000
101,23,#000000
102,23,#000000
103,23,#000000
104,23,#000000
105,23,#000000
106,23,#000000
107,23,#000000
108,23,#000000
109,23,#000000
110,23,#000000
111,23,#000000
112,23,#000000
113,23,#000000
114,23,#000000
115,23,#000000
116,23,#000000
117,23,#000000
118,23,#000000
119,23,#000000
120,23,#000000
121,23,#000000
122,23,#000000
123,23,#000000
124,23,#000000
125,23,#000000
126,23,#000000
127,23,#000000
0,24,#000000
1,24,#000000
2,24,#000000
3,24,#000000
4,24,#000000
5,24,#000000
6,24,#000000
7,24,#000000
8,24,#000000
9,24,#000000
10,24,#000000
11,24,#000000
12,24,#000000
13,24,#000000
14,24,#000000
15,24,#000000
16,24,#000000
17,24,#000000
18,24,#000000
19,24,#000000
20,24,#000000
21,24,#000000
22,24,#000000
23,24,#000000
24,24,#000000
25,24,#000000
26,24,#000000
27,24,#000000
28,24,#000000
29,24,#000000
30,24,#000000
31,24,#000000
32,24,#000000
33,24,#000000
34,24,#000000
35,24,#000000
36,24,#000000
37,24,#000000
38,24,#000000
39,24,#000000
40,24,#000000
41,24,#000000
42,24,#000000
43,24,#000000
44,24,#000000
45,24,#000000
46,24,#000000
47,24,#000000
48,24,#000000
49,24,#000000
50,24,#000000
51,24,#000000
52,24,#000000
53,24,#000000
54,24,#000000
55,24,#000000
56,24,#000000
57,24,#000000
58,24,#000000
59,24,#000000
60,24,#000000
61,24,#000000
62,24,#000000
63,24,#000000
64,24,#000000
65,24,#000000
66,24,#000000
67,24,#000000
68,24,#000000
69,24,#000000
70,24,#000000
71,24,#000000
72,24,#000000
73,24,#000000
74,24,#000000
75,24,#000000
76,24,#000000
77,24,#000000
78,24,#000000
79,24,#000000
80,24,#000000
81,24,#000000
82,24,#000000
83,24,#000000
84,24,#000000
85,24,#000000
86,24,#000000
87,24,#000000
88,24,#000000
89,24,#000000
90,24,#000000
91,24,#000000
92,24,#000000
93,24,#000000
94,24,#000000
95,24,#000000
96,24,#000000
97,24,#000000
98,24,#000000
99,24,#000000
100,24,#000000
101,24,#000000
102,24,#000000
103,24,#000000
104,24,#000000
105,24,#000000
106,24,#000000
107,24,#000000
108,24,#000000
109,24,#000000
110,24,#000000
111,24,#000000
112,24,#000000
113,24,#000000
114,24,#000000
115,24,#000000
116,24,#000000
117,24,#000000
118,24,#000000
119,24,#000000
120,24,#000000
121,24,#000000
122,24,#000000
123,24,#000000
124,24,#000000
125,24,#000000
126,24,#000000
127,24,#000000
0,25,#000000
1,25,#000000
2,25,#000000
3,25,#000000
4,25,#000000
5,25,#000000
6,25,#000000
7,25,#000000
8,25,#000000
9,25,#000000
10,25,#000000
11,25,#000000
12,25,#000000
13,25,#000000
14,25,#000000
15,25,#000000
16,25,#000000
17,25,#000000
18,25,#000000
19,25,#000000
20,25,#000000
21,25,#000000
22,25,#000000
23,25,#000000
24,25,#000000
25,25,#000000
26,25,#000000
27,25,#000000
28,25,#000000
29,25,#000000
30,25,#000000
31,25,#000000
32,25,#000000
33,25,#000000
34,25,#000000
35,25,#000000
36,25,#000000
37,25,#000000
38,25,#000000
39,25,#000000
40,25,#000000
41,25,#000000
42,25,#000000
43,25,#000000
44,25,#000000
45,25,#000000
46,25,#000000
47,25,#000000
48,25,#000000
49,25,#000000
50,25,#000000
51,25,#000000
52,25,#000000
53,25,#000000
54,25,#000000
55,25,#000000
56,25,#000000
57,25,#000000
58,25,#000000
59,25,#000000
60,25,#000000
61,25,#000000
62,25,#000000
63,25,#000000
64,25,#000000
65,25,#000000
66,25,#000000
67,25,#000000
68,25,#000000
69,25,#000000
70,25,#000000
71,25,#000000
72,25,#000000
73,25,#000000
74,25,#000000
75,25,#000000
76,25,#000000
77,25,#000000
78,25,#000000
79,25,#000000
80,25,#000000
81,25,#000000
82,25,#000000
83,25,#000000
84,25,#000000
85,25,#000000
86,25,#000000
87,25,#000000
88,25,#000000
89,25,#000000
90,25,#000000
91,25,#000000
92,25,#000000
93,25,#000000
94,25,#000000
95,25,#000000
96,25,#000000
97,25,#000000
98,25,#000000
99,25,#000000
100,25,#000000
101,25,#000000
102,25,#000000
103,25,#000000
104,25,#000000
105,25,#000000
106,25,#000000
107,25,#000000
108,25,#000000
109,25,#000000
110,25,#000000
111,25,#000000
112,25,#000000
113,25,#000000
114,25,#000000
115,25,#000000
116,25,#000000
117,25,#000000
118,25,#000000
119,25,#000000
120,25,#000000
121,25,#000000
122,25,#000000
123,25,#000000
124,25,#000000
125,25,#000000
126,25,#000000
127,25,#000000
0,26,#000000
1,26,#000000
2,26,#000000
3,26,#000000
4,26,#000000
5,26,#000000
6,26,#000000
7,26,#000000
8,26,#000000
9,26,#000000
10,26,#000000
11,26,#000000
12,26,#000000
13,26,#000000
14,26,#000000
15,26,#000000
16,26,#000000
17,26,#000000
18,26,#000000
19,26,#000000
20,26,#000000
21,26,#000000
22,26,#000000
23,26,#000000
24,26,#000000
25,26,#000000
26,26,#000000
27,26,#000000
28,26,#000000
29,26,#000000
30,26,#000000
31,26,#000000
32,26,#000000
33,26,#000000
34,26,#000000
35,26,#000000
36,26,#000000
37,26,#000000
38,26,#000000
39,26,#000000
40,26,#000000
41,26,#000000
42,26,#000000
43,26,#000000
44,26,#000000
45,26,#000000
46,26,#000000
47,26,#000000
48,26,#000000
49,26,#000000
50,26,#000000
51,26,#000000
52,26,#000000
53,26,#000000
54,26,#000000
55,26,#000000
56,26,#000000
57,26,#000000
58,26,#000000
59,26,#000000
60,26,#000000
61,26,#000000
62,26,#000000
63,26,#000000
64,26,#000000
65,26,#000000
66,26,#000000
67,26,#000000
68,26,#000000
69,26,#000000
70,26,#000000
71,26,#000000
72,26,#000000
73,26,#000000
74,26,#000000
75,26,#000000
76,26,#000000
77,26,#000000
78,26,#000000
79,26,#000000
80,26,#000000
81,26,#000000
82,26,#000000
83,26,#000000
84,26,#000000
85,26,#000000
86,26,#000000
87,26,#000000
88,26,#000000
89,26,#000000
90,26,#000000
91,26,#000000
92,26,#000000
93,26,#000000
94,26,#000000
95,26,#000000
96,26,#000000
97,26,#000000
98,26,#000000
99,26,#000000
100,26,#000000
101,26,#000000
102,26,#000000
103,26,#000000
104,26,#000000
105,26,#000000
106,26,#000000
107,26,#000000
108,26,#000000
109,26,#000000
110,26,#000000
111,26,#000000
112,26,#000000
113,26,#000000
114,26,#000000
115,26,#000000
116,26,#000000
117,26,#000000
118,26,#000000
119,26,#000000
120,26,#000000
121,26,#000000
122,26,#000000
123,26,#000000
124,26,#000000
125,26,#000000
126,26,#000000
127,26,#000000
0,27,#000000
1,27,#000000
2,27,#000000
3,27,#000000
4,27,#000000
5,27,#000000
6,27,#000000
7,27,#000000
8,27,#000000
9,27,#000000
10,27,#000000
11,27,#000000
12,27,#000000
13,27,#000000
14,27,#000000
15,27,#000000
16,27,#000000
17,27,#000000
18,27,#000000
19,27,#000000
20,27,#000000
21,27,#000000
22,27,#000000
23,27,#000000
24,27,#000000
25,27,#000000
26,27,#000000
27,27,#000000
28,27,#000000
29,27,#000000
30,27,#000000
31,27,#000000
32,27,#000000
33,27,#000000
34,27,#000000
35,27,#000000
36,27,#000000
37,27,#000000
38,27,#000000
39,27,#000000
40,27,#000000
41,27,#000000
42,27,#000000
43,27,#000000
44,27,#000000
45,27,#000000
46,27,#000000
47,27,#000000
48,27,#000000
49,27,#000000
50,27,#000000
51,27,#000000
52,27,#000000
53,27,#000000
54,27,#000000
55,27,#000000
56,27,#000000
57,27,#000000
58,27,#000000
59,27,#000000
60,27,#000000
61,27,#000000
62,27,#000000
63,27,#000000
64,27,#000000
65,27,#000000
66,27,#000000
67,27,#000000
68,27,#000000
69,27,#000000
70,27,#000000
71,27,#000000
72,27,#000000
73,27,#000000
74,27,#000000
75,27,#000000
76,27,#000000
77,27,#000000
78,27,#000000
79,27,#000000
80,27,#000000
81,27,#000000
82,27,#000000
83,27,#000000
84,27,#000000
85,27,#000000
86,27,#000000
87,27,#000000
88,27,#000000
89,27,#000000
90,27,#000000
91,27,#000000
92,27,#000000
93,27,#000000
94,27,#000000
95,27,#000000
96,27,#000000
97,27,#000000
98,27,#000000
99,27,#000000
100,27,#000000
101,27,#000000
102,27,#000000
103,27,#000000
104,27,#000000
105,27,#000000
106,27,#000000
107,27,#000000
108,27,#000000
109,27,#000000
110,27,#000000
111,27,#000000
112,27,#000000
113,27,#000000
114,27,#000000
115,27,#000000
116,27,#000000
117,27,#000000
118,27,#000000
119,27,#000000
120,27,#000000
121,27,#000000
122,27,#000000
123,27,#000000
124,27,#000000
125,27,#000000
126,27,#000000
127,27,#000000
0,28,#000000
1,28,#000000
2,28,#000000
3,28,#000000
4,28,#000000
5,28,#000000
6,28,#000000
7,28,#000000
8,28,#000000
9,28,#000000
10,28,#000000
11,28,#000000
12,28,#000000
13,28,#000000
14,28,#000000
15,28,#000000
16,28,#000000
17,28,#000000
18,28,#000000
19,28,#000000
20,28,#000000
21,28,#000000
22,28,#000000
23,28,#000000
24,28,#000000
25,28,#000000
26,28,#000000
27,28,#000000
28,28,#000000
29,28,#000000
30,28,#000000
31,28,#000000
32,28,#000000
33,28,#000000
34,28,#000000
35,28,#000000
36,28,#000000
37,28,#000000
38,28,#000000
39,28,#000000
40,28,#000000
41,28,#000000
42,28,#000000
43,28,#000000
44,28,#000000
45,28,#000000
46,28,#000000
47,28,#000000
48,28,#000000
49,28,#000000
50,28,#000000
51,28,#000000
52,28,#000000
53,28,#000000
54,28,#000000
55,28,#000000
56,28,#000000
57,28,#000000
58,28,#000000
59,28,#000000
60,28,#000000
61,28,#000000
62,28,#000000
63,28,#000000
64,28,#000000
65,28,#000000
66,28,#000000
67,28,#000000
68,28,#000000
69,28,#000000
70,28,#000000
71,28,#000000
72,28,#000000
73,28,#000000
74,28,#000000
75,28,#000000
76,28,#000000
77,28,#000000
78,28,#000000
79,28,#000000
80,28,#000000
81,28,#000000
82,28,#000000
83,28,#000000
84,28,#000000
85,28,#000000
86,28,#000000
87,28,#000000
88,28,#000000
89,28,#000000
90,28,#000000
91,28,#000000
92,28,#000000
93,28,#000000
94,28,#000000
95,28,#000000
96,28,#000000
97,28,#000000
98,28,#000000
99,28,#000000
100,28,#000000
101,28,#000000
102,28,#000000
103,28,#000000
104,28,#000000
105,28,#000000
106,28,#000000
107,28,#000000
108,28,#000000
109,28,#000000
110,28,#000000
111,28,#000000
112,28,#000000
113,28,#000000
114,28,#000000
115,28,#000000
116,28,#000000
117,28,#000000
118,28,#000000
119,28,#000000
120,28,#000000
121,28,#000000
122,28,#000000
123,28,#000000
124,28,#000000
125,28,#000000
126,28,#000000
127,28,#000000
0,29,#000000
1,29,#000000
2,29,#000000
3,29,#000000
4,29,#000000
5,29,#000000
6,29,#000000
7,29,#000000
8,29,#000000
9,29,#000000
10,29,#000000
11,29,#000000
12,29,#000000
13,29,#000000
14,29,#000000
15,29,#000000
16,29,#000000
17,29,#000000
18,29,#000000
19,29,#000000
20,29,#000000
21,29,#000000
22,29,#000000
23,29,#000000
24,29,#000000
25,29,#000000
26,29,#000000
27,29,#000000
28,29,#000000
29,29,#000000
30,29,#000000
31,29,#000000
32,29,#000000
33,29,#000000
34,29,#000000
35,29,#000000
36,29,#000000
37,29,#000000
38,29,#000000
39,29,#000000
40,29,#000000
41,29,#000000
42,29,#000000
43,29,#000000
44,29,#000000
45,29,#000000
46,29,#000000
47,29,#000000
48,29,#000000
49,29,#000000
50,29,#000000
51,29,#000000
52,29,#000000
53,29,#000000
54,29,#000000
55,29,#000000
56,29,#000000
57,29,#000000
58,29,#000000
59,29,#000000
60,29,#000000
61,29,#000000
62,29,#000000
63,29,#000000
64,29,#000000
65,29,#000000
66,29,#000000
67,29,#000000
68,29,#000000
69,29,#000000
70,29,#000000
71,29,#000000
72,29,#000000
73,29,#000000
74,29,#000000
75,29,#000000
76,29,#000000
77,29,#000000
78,29,#000000
79,29,#000000
80,29,#000000
81,29,#000000
82,29,#000000
83,29,#000000
84,29,#000000
85,29,#000000
86,29,#000000
87,29,#000000
88,29,#000000
89,29,#000000
90,29,#000000
91,29,#000000
92,29,#000000
93,29,#000000
94,29,#000000
95,29,#000000
96,29,#000000
97,29,#000000
98,29,#000000
99,29,#000000
100,29,#000000
101,29,#000000
102,29,#000000
103,29,#000000
104,29,#000000
105,29,#000000
106,29,#000000
107,29,#000000
108,29,#000000
109,29,#000000
110,29,#000000
111,29,#000000
112,29,#000000
113,29,#000000
114,29,#000000
115,29,#000000
116,29,#000000
117,29,#000000
118,29,#000000
119,29,#000000
120,29,#000000
121,29,#000000
122,29,#000000
123,29,#000000
124,29,#000000
125,29,#000000
126,29,#000000
127,29,#000000
0,30,#000000
1,30,#000000
2,30,#000000
3,30,#000000
4,30,#000000
5,30,#000000
6,30,#000000
7,30,#000000
8,30,#000000
9,30,#000000
10,30,#000000
11,30,#000000
12,30,#000000
13,30,#000000
14,30,#000000
15,30,#000000
16,30,#000000
17,30,#000000
18,30,#000000
19,30,#000000
20,30,#000000
21,30,#000000
22,30,#000000
23,30,#000000
24,30,#000000
25,30,#000000
26,30,#000000
27,30,#000000
28,30,#000000
29,30,#000000
30,30,#000000
31,30,#000000
32,30,#000000
33,30,#000000
34,30,#000000
35,30,#000000
36,30,#000000
37,30,#000000
38,30,#000000
39,30,#000000
40,30,#000000
41,30,#000000
42,30,#000000
43,30,#000000
44,30,#000000
45,30,#000000
46,30,#000000
47,30,#000000
48,30,#000000
49,30,#000000
50,30,#000000
51,30,#000000
52,30,#000000
53,30,#000000
54,30,#000000
55,30,#000000
56,30,#000000
57,30,#000000
58,30,#000000
59,30,#000000
60,30,#000000
61,30,#000000
62,30,#000000
63,30,#000000
64,30,#000000
65,30,#000000
66,30,#000000
67,30,#000000
68,30,#000000
69,30,#000000
70,30,#000000
71,30,#000000
72,30,#000000
73,30,#000000
74,30,#000000
75,30,#000000
76,30,#000000
77,30,#000000
78,30,#000000
79,30,#000000
80,30,#000000
81,30,#000000
82,30,#000000
83,30,#000000
84,30,#000000
85,30,#000000
86,30,#000000
87,30,#000000
88,30,#000000
89,30,#000000
90,30,#000000
91,30,#000000
92,30,#000000
93,30,#000000
94,30,#000000
95,30,#000000
96,30,#000000
97,30,#000000
98,30,#000000
99,30,#000000
100,30,#000000
101,30,#000000
102,30,#000000
103,30,#000000
104,30,#000000
105,30,#000000
106,30,#000000
107,30,#000000
108,30,#000000
109,30,#000000
110,30,#000000
111,30,#000000
112,30,#000000
113,30,#000000
114,30,#000000
115,30,#000000
116,30,#000000
117,30,#000000
118,30,#000000
119,30,#000000
120,30,#000000
121,30,#000000
122,30,#000000
123,30,#000000
124,30,#000000
125,30,#000000
126,30,#000000
127,30,#000000
0,31,#000000
1,31,#000000
2,31,#000000
3,31,#000000
4,31,#000000
5,31,#000000
6,31,#000000
7,31,#000000
8,31,#000000
9,31,#000000
10,31,#000000
11,31,#000000
12,31,#000000
13,31,#000000
14,31,#000000
15,31,#000000
16,31,#000000
17,31,#000000
18,31,#000000
19,31,#000000
20,31,#000000
21,31,#000000
22,31,#000000
23,31,#000000
24,31,#000000
25,31,#000000
26,31,#000000
27,31,#000000
28,31,#000000
29,31,#000000
30,31,#000000
31,31,#000000
32,31,#000000
33,31,#000000
34,31,#000000
35,31,#000000
36,31,#000000
37,31,#000000
38,31,#000000
39,31,#000000
40,31,#000000
41,31,#000000
42,31,#000000
43,31,#000000
44,31,#000000
45,31,#000000
46,31,#000000
47,31,#000000
48,31,#000000
49,31,#000000
50,31,#000000
51,31,#000000
52,31,#000000
53,31,#000000
54,31,#000000
55,31,#000000
56,31,#000000
57,31,#000000
58,31,#000000
59,31,#000000
60,31,#000000
61,31,#000000
62,31,#000000
63,31,#000000
64,31,#000000
65,31,#000000
66,31,#000000
67,31,#000000
68,31,#000000
69,31,#000000
70,31,#000000
71,31,#000000
72,31,#000000
73,31,#000000
74,31,#000000
75,31,#000000
76,31,#000000
77,31,#000000
78,31,#000000
79,31,#000000
80,31,#000000
81,31,#000000
82,31,#000000
83,31,#000000
84,31,#000000
85,31,#000000
86,31,#000000
87,31,#000000
88,31,#000000
89,31,#000000
90,31,#000000
91,31,#000000
92,31,#000000
93,31,#000000
94,31,#000000
95,31,#000000
96,31,#000000
97,31,#000000
98,31,#000000
99,31,#000000
100,31,#000000
101,31,#000000
102,31,#000000
103,31,#000000
104,31,#000000
105,31,#000000
106,31,#000000
107,31,#000000
108,31,#000000
109,31,#000000
110,31,#000000
111,31,#000000
112,31,#000000
113,31,#000000
114,31,#000000
115,31,#000000
116,31,#000000
117,31,#000000
118,31,#000000
119,31,#000000
120,31,#000000
121,31,#000000
122,31,#000000
123,31,#000000
124,31,#000000
125,31,#000000
126,31,#000000
127,31,#000000
